<application>
  <component name="LocalDatabaseDriverManager" version="201">
    <driver id="cassandra">
      <option name="auto-sync" value="true" />
    </driver>
    <driver id="clickhouse">
      <option name="auto-sync" value="true" />
    </driver>
    <driver id="db2.11">
      <option name="auto-sync" value="false" />
    </driver>
    <driver id="db2" name="DB2 (LUW)">
      <option name="auto-sync" value="false" />
    </driver>
    <driver id="db2.jtopen" name="DB2 (JTOpen)">
      <option name="auto-sync" value="false" />
    </driver>
    <driver id="derby.embedded" name="Derby (Embedded)">
      <option name="auto-sync" value="true" />
    </driver>
    <driver id="derby.remote" name="Derby (Remote)">
      <option name="auto-sync" value="true" />
    </driver>
    <driver id="exasol">
      <option name="auto-sync" value="true" />
    </driver>
    <driver id="greenplum">
      <option name="auto-sync" value="true" />
      <option name="schema-control" value="MANUAL" />
      <option name="send-app-info" value="false" />
    </driver>
    <driver id="h2.unified">
      <option name="auto-sync" value="true" />
    </driver>
    <driver id="hive">
      <option name="auto-sync" value="true" />
    </driver>
    <driver id="hsqldb.local">
      <option name="auto-sync" value="true" />
    </driver>
    <driver id="hsqldb.remote">
      <option name="auto-sync" value="true" />
    </driver>
    <driver id="mariadb">
      <option name="auto-sync" value="true" />
    </driver>
    <driver id="mongo">
      <option name="auto-sync" value="true" />
    </driver>
    <driver id="sqlserver.ms" name="SQL Server (Microsoft)">
      <option name="auto-sync" value="false" />
      <option name="send-app-info" value="false" />
    </driver>
    <driver id="sqlserver.jtds" name="SQL Server (jTds)">
      <option name="auto-sync" value="false" />
    </driver>
    <driver id="azure.ms">
      <option name="auto-sync" value="true" />
      <option name="send-app-info" value="false" />
    </driver>
    <driver id="mysql.8">
      <option name="auto-sync" value="true" />
    </driver>
    <driver id="mysql" name="MySQL">
      <option name="auto-sync" value="true" />
      <property name="autoReconnect" value="true" />
    </driver>
    <driver id="mysql_aurora">
      <option name="auto-sync" value="true" />
    </driver>
    <driver id="oracle">
      <option name="auto-sync" value="false" />
      <option name="auto-commit" value="false" />
    </driver>
    <driver id="postgresql">
      <artifact id="PostgreSQL" name="PostgreSQL" use="true" version="42.2.5" />
      <option name="auto-sync" value="true" />
      <option name="schema-control" value="MANUAL" />
      <option name="auto-commit" value="true" />
      <option name="format-sources-on-sync" value="true" />
      <option name="send-app-info" value="true" />
      <option name="source-loading" value="USER_SOURCES" />
    </driver>
    <driver id="redshift">
      <option name="auto-sync" value="true" />
      <option name="schema-control" value="MANUAL" />
    </driver>
    <driver id="snowflake">
      <option name="auto-sync" value="true" />
    </driver>
    <driver id="sqlite.xerial" name="Sqlite (Xerial)">
      <option name="auto-sync" value="true" />
    </driver>
    <driver id="sybase.jtds">
      <option name="auto-sync" value="false" />
    </driver>
    <driver id="sybase.ase" name="Sybase (Native)">
      <option name="auto-sync" value="false" />
    </driver>
    <driver id="vertica">
      <option name="auto-sync" value="true" />
    </driver>
  </component>
</application>