<application>
  <component name="FindSettings">
    <option name="customScope" value="All Places" />
    <option name="defaultScopeName" value="All Places" />
    <option name="localCaseSensitive" value="true" />
    <option name="LOCAL_CASE_SENSITIVE_SEARCH" value="true" />
    <option name="SEARCH_SCOPE" value="All Places" />
    <mask>*.java</mask>
    <mask>*.as</mask>
    <mask>*.css</mask>
    <mask>*.mxml</mask>
    <mask>*.jsx, *.js, *.coffee</mask>
    <mask>*.jsx, *.js</mask>
    <mask>*.hbs</mask>
    <mask>*jsx</mask>
    <mask>*jsx, *.js, *.coffee</mask>
    <mask>*haml</mask>
    <mask>*.html, *.haml</mask>
    <mask>*.js, *.jsx, *.coffee</mask>
    <mask>*.coffee</mask>
    <mask>`</mask>
    <mask>*.js,.jsx</mask>
    <mask>*.js,*.jsx</mask>
    <mask>*.coffee, *.js, *.jsx</mask>
    <mask>*spec.js</mask>
    <mask>*.erb</mask>
    <mask>*.js, *.jsx</mask>
    <mask>*.yml</mask>
    <mask>*.haml</mask>
    <mask>*.js</mask>
    <mask>*.html.haml</mask>
    <mask>*.jsx</mask>
    <mask>*.spec-jest.js</mask>
    <mask>*.scss</mask>
    <mask>*.html.erb</mask>
    <mask>*.rb</mask>
    <mask>*.spec-jest.jsx</mask>
  </component>
</application>